{
  "name": "KDE Connect Dev (Ubuntu)",
  "image": "mcr.microsoft.com/devcontainers/base:ubuntu",
  "features": {},
  "postCreateCommand": "sudo apt update && sudo apt install -y build-essential cmake ninja-build qtbase5-dev qtdeclarative5-dev libqt5svg5-dev extra-cmake-modules libkf5coreaddons-dev libkf5i18n-dev libkf5config-dev libkf5dbusaddons-dev libkf5notifications-dev libkf5solid-dev libkf5kio-dev libkf5bluezqt-dev libqt5x11extras5-dev gettext git",
  "customizations": {
    "vscode": {
      "settings": {
        "terminal.integrated.defaultProfile.linux": "bash"
      },
      "extensions": [
        "ms-vscode.cmake-tools",
        "twxs.cmake",
        "ninja-build.ninja"
      ]
    }
  },
  "remoteUser": "vscode"
}
